<?xml version="1.0" encoding="UTF-8"?>
<!-- IMPORTANT: This is an internal file that has been generated
     by the Xilinx ISE software.  Any direct editing or
     changes made to this file may result in unpredictable
     behavior or data corruption.  It is strongly advised that
     users do not edit the contents of this file. -->
<DeviceUsageSummary rev="2">
<DesignStatistics TimeStamp="Thu Dec  3 10:33:54 2015"><group name="NetStatistics">
<item name="NumNets_Active" rev="2">
<attrib name="value" value="393"/></item>
<item name="NumNets_Gnd" rev="2">
<attrib name="value" value="1"/></item>
<item name="NumNets_Vcc" rev="2">
<attrib name="value" value="1"/></item>
<item name="NumNodesOfType_Active_CLKPIN" rev="2">
<attrib name="value" value="104"/></item>
<item name="NumNodesOfType_Active_CNTRLPIN" rev="2">
<attrib name="value" value="78"/></item>
<item name="NumNodesOfType_Active_DOUBLE" rev="2">
<attrib name="value" value="774"/></item>
<item name="NumNodesOfType_Active_DUMMY" rev="2">
<attrib name="value" value="619"/></item>
<item name="NumNodesOfType_Active_DUMMYESC" rev="2">
<attrib name="value" value="9"/></item>
<item name="NumNodesOfType_Active_GLOBAL" rev="2">
<attrib name="value" value="29"/></item>
<item name="NumNodesOfType_Active_HFULLHEX" rev="2">
<attrib name="value" value="7"/></item>
<item name="NumNodesOfType_Active_HUNIHEX" rev="2">
<attrib name="value" value="56"/></item>
<item name="NumNodesOfType_Active_INPUT" rev="2">
<attrib name="value" value="768"/></item>
<item name="NumNodesOfType_Active_IOBOUTPUT" rev="2">
<attrib name="value" value="9"/></item>
<item name="NumNodesOfType_Active_OMUX" rev="2">
<attrib name="value" value="333"/></item>
<item name="NumNodesOfType_Active_OUTPUT" rev="2">
<attrib name="value" value="356"/></item>
<item name="NumNodesOfType_Active_PREBXBY" rev="2">
<attrib name="value" value="287"/></item>
<item name="NumNodesOfType_Active_VFULLHEX" rev="2">
<attrib name="value" value="58"/></item>
<item name="NumNodesOfType_Active_VLONG" rev="2">
<attrib name="value" value="15"/></item>
<item name="NumNodesOfType_Active_VUNIHEX" rev="2">
<attrib name="value" value="99"/></item>
<item name="NumNodesOfType_Gnd_INPUT" rev="2">
<attrib name="value" value="9"/></item>
<item name="NumNodesOfType_Gnd_OMUX" rev="2">
<attrib name="value" value="9"/></item>
<item name="NumNodesOfType_Gnd_OUTPUT" rev="2">
<attrib name="value" value="7"/></item>
<item name="NumNodesOfType_Gnd_PREBXBY" rev="2">
<attrib name="value" value="1"/></item>
<item name="NumNodesOfType_Vcc_CNTRLPIN" rev="2">
<attrib name="value" value="1"/></item>
<item name="NumNodesOfType_Vcc_INPUT" rev="2">
<attrib name="value" value="2"/></item>
<item name="NumNodesOfType_Vcc_PREBXBY" rev="2">
<attrib name="value" value="2"/></item>
<item name="NumNodesOfType_Vcc_VCCOUT" rev="2">
<attrib name="value" value="3"/></item>
</group>
<group name="SiteStatistics">
<item name="IBUF-DIFFMI" rev="2">
<attrib name="value" value="1"/></item>
<item name="IOB-DIFFM" rev="2">
<attrib name="value" value="11"/></item>
<item name="IOB-DIFFS" rev="2">
<attrib name="value" value="8"/></item>
<item name="SLICEL-SLICEM" rev="2">
<attrib name="value" value="91"/></item>
</group>
<group name="MiscellaneousStatistics">
<item name="AGG_BONDED_IO" rev="1">
<attrib name="value" value="28"/></item>
<item name="AGG_IO" rev="1">
<attrib name="value" value="28"/></item>
<item name="AGG_SLICE" rev="1">
<attrib name="value" value="180"/></item>
<item name="NUM_4_INPUT_LUT" rev="1">
<attrib name="value" value="212"/></item>
<item name="NUM_BONDED_IBUF" rev="1">
<attrib name="value" value="9"/></item>
<item name="NUM_BONDED_IOB" rev="1">
<attrib name="value" value="19"/></item>
<item name="NUM_BUFGMUX" rev="1">
<attrib name="value" value="1"/></item>
<item name="NUM_CYMUX" rev="1">
<attrib name="value" value="30"/></item>
<item name="NUM_LUT_RT" rev="1">
<attrib name="value" value="2"/></item>
<item name="NUM_RPM" rev="1">
<attrib name="value" value="2"/></item>
<item name="NUM_SLICEL" rev="1">
<attrib name="value" value="180"/></item>
<item name="NUM_SLICE_FF" rev="1">
<attrib name="value" value="173"/></item>
<item name="NUM_XOR" rev="1">
<attrib name="value" value="32"/></item>
<item name="Xilinx Core dist_mem_gen_v5_1, Xilinx CORE Generator 12.4" rev="1">
<attrib name="value" value="1"/></item>
</group>
</DesignStatistics>
<DeviceUsage TimeStamp="Thu Dec  3 10:33:54 2015"><group name="SiteSummary">
<item name="BUFGMUX" rev="2">
<attrib name="total" value="1000000"/><attrib name="used" value="1"/></item>
<item name="BUFGMUX_GCLKMUX" rev="2">
<attrib name="total" value="1000000"/><attrib name="used" value="1"/></item>
<item name="BUFGMUX_GCLK_BUFFER" rev="2">
<attrib name="total" value="1000000"/><attrib name="used" value="1"/></item>
<item name="IBUF" rev="2">
<attrib name="total" value="1000000"/><attrib name="used" value="9"/></item>
<item name="IBUF_INBUF" rev="2">
<attrib name="total" value="1000000"/><attrib name="used" value="9"/></item>
<item name="IBUF_PAD" rev="2">
<attrib name="total" value="1000000"/><attrib name="used" value="9"/></item>
<item name="IOB" rev="2">
<attrib name="total" value="1000000"/><attrib name="used" value="19"/></item>
<item name="IOB_OUTBUF" rev="2">
<attrib name="total" value="1000000"/><attrib name="used" value="19"/></item>
<item name="IOB_PAD" rev="2">
<attrib name="total" value="1000000"/><attrib name="used" value="19"/></item>
<item name="SLICEL" rev="2">
<attrib name="total" value="1000000"/><attrib name="used" value="180"/></item>
<item name="SLICEL_CYMUXF" rev="2">
<attrib name="total" value="1000000"/><attrib name="used" value="16"/></item>
<item name="SLICEL_CYMUXG" rev="2">
<attrib name="total" value="1000000"/><attrib name="used" value="14"/></item>
<item name="SLICEL_F" rev="2">
<attrib name="total" value="1000000"/><attrib name="used" value="102"/></item>
<item name="SLICEL_F5MUX" rev="2">
<attrib name="total" value="1000000"/><attrib name="used" value="9"/></item>
<item name="SLICEL_FFX" rev="2">
<attrib name="total" value="1000000"/><attrib name="used" value="75"/></item>
<item name="SLICEL_FFY" rev="2">
<attrib name="total" value="1000000"/><attrib name="used" value="98"/></item>
<item name="SLICEL_G" rev="2">
<attrib name="total" value="1000000"/><attrib name="used" value="110"/></item>
<item name="SLICEL_XORF" rev="2">
<attrib name="total" value="1000000"/><attrib name="used" value="16"/></item>
<item name="SLICEL_XORG" rev="2">
<attrib name="total" value="1000000"/><attrib name="used" value="16"/></item>
</group>
</DeviceUsage>
<ReportConfigData TimeStamp="Thu Dec  3 10:33:54 2015"><group name="SLICEL_CYMUXF">
<item name="0" rev="2">
<attrib name="0" value="16"/><attrib name="0_INV" value="0"/></item>
<item name="1" rev="2">
<attrib name="1_INV" value="0"/><attrib name="1" value="16"/></item>
</group>
<group name="SLICEL_CYMUXG">
<item name="0" rev="2">
<attrib name="0" value="14"/><attrib name="0_INV" value="0"/></item>
</group>
<group name="IBUF_PAD">
<item name="IOATTRBOX" rev="2">
<attrib name="LVCMOS25" value="9"/></item>
</group>
<group name="IBUF_INBUF">
<item name="IBUF_DELAY_VALUE" rev="2">
<attrib name="DLY0" value="8"/></item>
</group>
<group name="SLICEL">
<item name="BX" rev="2">
<attrib name="BX_INV" value="0"/><attrib name="BX" value="58"/></item>
<item name="BY" rev="2">
<attrib name="BY" value="50"/><attrib name="BY_INV" value="19"/></item>
<item name="CE" rev="2">
<attrib name="CE" value="75"/><attrib name="CE_INV" value="0"/></item>
<item name="CIN" rev="2">
<attrib name="CIN_INV" value="0"/><attrib name="CIN" value="14"/></item>
<item name="CLK" rev="2">
<attrib name="CLK" value="103"/><attrib name="CLK_INV" value="1"/></item>
<item name="SR" rev="2">
<attrib name="SR" value="3"/><attrib name="SR_INV" value="0"/></item>
</group>
<group name="IOB_OUTBUF">
<item name="IN" rev="2">
<attrib name="IN_INV" value="0"/><attrib name="IN" value="19"/></item>
</group>
<group name="SLICEL_FFX">
<item name="CE" rev="2">
<attrib name="CE" value="68"/><attrib name="CE_INV" value="0"/></item>
<item name="CK" rev="2">
<attrib name="CK" value="75"/><attrib name="CK_INV" value="0"/></item>
<item name="D" rev="2">
<attrib name="D" value="75"/><attrib name="D_INV" value="0"/></item>
<item name="FFX_INIT_ATTR" rev="2">
<attrib name="INIT0" value="75"/></item>
<item name="FFX_SR_ATTR" rev="2">
<attrib name="SRLOW" value="75"/></item>
<item name="LATCH_OR_FF" rev="2">
<attrib name="FF" value="75"/></item>
<item name="SR" rev="2">
<attrib name="SR" value="1"/><attrib name="SR_INV" value="0"/></item>
<item name="SYNC_ATTR" rev="2">
<attrib name="ASYNC" value="74"/><attrib name="SYNC" value="1"/></item>
</group>
<group name="SLICEL_XORF">
<item name="1" rev="2">
<attrib name="1_INV" value="0"/><attrib name="1" value="16"/></item>
</group>
<group name="SLICEL_FFY">
<item name="CE" rev="2">
<attrib name="CE" value="69"/><attrib name="CE_INV" value="0"/></item>
<item name="CK" rev="2">
<attrib name="CK" value="97"/><attrib name="CK_INV" value="1"/></item>
<item name="D" rev="2">
<attrib name="D" value="79"/><attrib name="D_INV" value="19"/></item>
<item name="FFY_INIT_ATTR" rev="2">
<attrib name="INIT0" value="98"/></item>
<item name="FFY_SR_ATTR" rev="2">
<attrib name="SRLOW" value="98"/></item>
<item name="LATCH_OR_FF" rev="2">
<attrib name="FF" value="98"/></item>
<item name="SR" rev="2">
<attrib name="SR" value="3"/><attrib name="SR_INV" value="0"/></item>
<item name="SYNC_ATTR" rev="2">
<attrib name="ASYNC" value="94"/><attrib name="SYNC" value="4"/></item>
</group>
<group name="BUFGMUX_GCLKMUX">
<item name="DISABLE_ATTR" rev="2">
<attrib name="LOW" value="1"/></item>
<item name="S" rev="2">
<attrib name="S_INV" value="1"/><attrib name="S" value="0"/></item>
</group>
<group name="SLICEL_F5MUX">
<item name="S0" rev="2">
<attrib name="S0" value="9"/><attrib name="S0_INV" value="0"/></item>
</group>
<group name="IOB_PAD">
<item name="DRIVEATTRBOX" rev="2">
<attrib name="12" value="19"/></item>
<item name="IOATTRBOX" rev="2">
<attrib name="LVCMOS25" value="19"/></item>
<item name="SLEW" rev="2">
<attrib name="SLOW" value="19"/></item>
</group>
<group name="IOB">
<item name="O1" rev="2">
<attrib name="O1_INV" value="0"/><attrib name="O1" value="19"/></item>
</group>
<group name="BUFGMUX">
<item name="S" rev="2">
<attrib name="S_INV" value="1"/><attrib name="S" value="0"/></item>
</group>
</ReportConfigData>
<ReportPinData TimeStamp="Thu Dec  3 10:33:54 2015"><group name="SLICEL_CYMUXF">
<item name="0" rev="2">
<attrib name="value" value="16"/></item>
<item name="1" rev="2">
<attrib name="value" value="16"/></item>
<item name="OUT" rev="2">
<attrib name="value" value="16"/></item>
<item name="S0" rev="2">
<attrib name="value" value="16"/></item>
</group>
<group name="SLICEL_CYMUXG">
<item name="0" rev="2">
<attrib name="value" value="14"/></item>
<item name="1" rev="2">
<attrib name="value" value="14"/></item>
<item name="OUT" rev="2">
<attrib name="value" value="14"/></item>
<item name="S0" rev="2">
<attrib name="value" value="14"/></item>
</group>
<group name="IBUF_PAD">
<item name="PAD" rev="2">
<attrib name="value" value="9"/></item>
</group>
<group name="IBUF_INBUF">
<item name="IN" rev="2">
<attrib name="value" value="9"/></item>
<item name="OUT" rev="2">
<attrib name="value" value="9"/></item>
</group>
<group name="BUFGMUX_GCLK_BUFFER">
<item name="IN" rev="2">
<attrib name="value" value="1"/></item>
<item name="OUT" rev="2">
<attrib name="value" value="1"/></item>
</group>
<group name="SLICEL">
<item name="BX" rev="2">
<attrib name="value" value="58"/></item>
<item name="BY" rev="2">
<attrib name="value" value="69"/></item>
<item name="CE" rev="2">
<attrib name="value" value="75"/></item>
<item name="CIN" rev="2">
<attrib name="value" value="14"/></item>
<item name="CLK" rev="2">
<attrib name="value" value="104"/></item>
<item name="COUT" rev="2">
<attrib name="value" value="14"/></item>
<item name="F1" rev="2">
<attrib name="value" value="99"/></item>
<item name="F2" rev="2">
<attrib name="value" value="89"/></item>
<item name="F3" rev="2">
<attrib name="value" value="87"/></item>
<item name="F4" rev="2">
<attrib name="value" value="9"/></item>
<item name="G1" rev="2">
<attrib name="value" value="108"/></item>
<item name="G2" rev="2">
<attrib name="value" value="98"/></item>
<item name="G3" rev="2">
<attrib name="value" value="97"/></item>
<item name="G4" rev="2">
<attrib name="value" value="31"/></item>
<item name="SR" rev="2">
<attrib name="value" value="3"/></item>
<item name="X" rev="2">
<attrib name="value" value="84"/></item>
<item name="XQ" rev="2">
<attrib name="value" value="75"/></item>
<item name="Y" rev="2">
<attrib name="value" value="84"/></item>
<item name="YQ" rev="2">
<attrib name="value" value="98"/></item>
</group>
<group name="IOB_OUTBUF">
<item name="IN" rev="2">
<attrib name="value" value="19"/></item>
<item name="OUT" rev="2">
<attrib name="value" value="19"/></item>
</group>
<group name="IBUF">
<item name="I" rev="2">
<attrib name="value" value="9"/></item>
<item name="PAD" rev="2">
<attrib name="value" value="9"/></item>
</group>
<group name="SLICEL_FFX">
<item name="CE" rev="2">
<attrib name="value" value="68"/></item>
<item name="CK" rev="2">
<attrib name="value" value="75"/></item>
<item name="D" rev="2">
<attrib name="value" value="75"/></item>
<item name="Q" rev="2">
<attrib name="value" value="75"/></item>
<item name="SR" rev="2">
<attrib name="value" value="1"/></item>
</group>
<group name="SLICEL_XORF">
<item name="0" rev="2">
<attrib name="value" value="16"/></item>
<item name="1" rev="2">
<attrib name="value" value="16"/></item>
<item name="O" rev="2">
<attrib name="value" value="16"/></item>
</group>
<group name="SLICEL_FFY">
<item name="CE" rev="2">
<attrib name="value" value="69"/></item>
<item name="CK" rev="2">
<attrib name="value" value="98"/></item>
<item name="D" rev="2">
<attrib name="value" value="98"/></item>
<item name="Q" rev="2">
<attrib name="value" value="98"/></item>
<item name="SR" rev="2">
<attrib name="value" value="3"/></item>
</group>
<group name="SLICEL_XORG">
<item name="0" rev="2">
<attrib name="value" value="16"/></item>
<item name="1" rev="2">
<attrib name="value" value="16"/></item>
<item name="O" rev="2">
<attrib name="value" value="16"/></item>
</group>
<group name="BUFGMUX_GCLKMUX">
<item name="I0" rev="2">
<attrib name="value" value="1"/></item>
<item name="OUT" rev="2">
<attrib name="value" value="1"/></item>
<item name="S" rev="2">
<attrib name="value" value="1"/></item>
</group>
<group name="SLICEL_F5MUX">
<item name="F" rev="2">
<attrib name="value" value="9"/></item>
<item name="G" rev="2">
<attrib name="value" value="9"/></item>
<item name="OUT" rev="2">
<attrib name="value" value="9"/></item>
<item name="S0" rev="2">
<attrib name="value" value="9"/></item>
</group>
<group name="IOB_PAD">
<item name="PAD" rev="2">
<attrib name="value" value="19"/></item>
</group>
<group name="IOB">
<item name="O1" rev="2">
<attrib name="value" value="19"/></item>
<item name="PAD" rev="2">
<attrib name="value" value="19"/></item>
</group>
<group name="BUFGMUX">
<item name="I0" rev="2">
<attrib name="value" value="1"/></item>
<item name="O" rev="2">
<attrib name="value" value="1"/></item>
<item name="S" rev="2">
<attrib name="value" value="1"/></item>
</group>
<group name="SLICEL_F">
<item name="A1" rev="2">
<attrib name="value" value="99"/></item>
<item name="A2" rev="2">
<attrib name="value" value="89"/></item>
<item name="A3" rev="2">
<attrib name="value" value="87"/></item>
<item name="A4" rev="2">
<attrib name="value" value="9"/></item>
<item name="D" rev="2">
<attrib name="value" value="102"/></item>
</group>
<group name="SLICEL_G">
<item name="A1" rev="2">
<attrib name="value" value="108"/></item>
<item name="A2" rev="2">
<attrib name="value" value="98"/></item>
<item name="A3" rev="2">
<attrib name="value" value="97"/></item>
<item name="A4" rev="2">
<attrib name="value" value="31"/></item>
<item name="D" rev="2">
<attrib name="value" value="110"/></item>
</group>
</ReportPinData>
<CmdHistory>
</CmdHistory>
</DeviceUsageSummary>
